<?xml version="1.0" encoding="UTF-8" standalone="yes"?>
<!--
    Raysbro Batch Installer Manifest File
    
-->
<installer>


    <!--
        Addons is a required container for a list of addon username and addon_id pairs.
        Each container requires both pairs.
    -->
    <addons>
        <addon>
            <addon_id>repository.venom-1.18.zip</addon_id>
            <username>123Venom</username>
        </addon>
        <addon>
            <addon_id>plugin.video.Venom</addon_id>
            <username>123Venom</username>
        </addon>
	<addon>
            <addon_id>repository.nixgates-2.0.0.zip</addon_id>
            <username>nixgates</username>
        </addon>
	<addon>
            <addon_id>plugin.video.Seren</addon_id>
            <username>nixgates</username>
        </addon>
	<addon>
            <addon_id>service.subtitles.opensubtitles_by_opensubtitles</addon_id>
            <username>opensubtitles</username>
        </addon>
		
    </addons>



    <!--
        Configs is an optional container for a list of config files and destinations.
        This is not limited to config files; could include images, databases, etc.
        *** Be careful, this it will overwrite destinations. ***
        Each file is copied overwriting the distination.
        ./configs/test.xml will overwrite special://profile/addon_data/plugin.video.animaltv/test.xml
    -->
    <configs dir="configs">
        <config>
            <source>advancedsettings.xml</source>
            <destination>special://profile/</source>
        </config>
            <source>gen.xml</source>
            <destination>special://profile/keymaps/</source>
        </config>
        </config>
            <source>seren/settings.xml</source>
            <destination>special://profile/addon_data/plugin.video.seren/</source>
        </config>
        </config>
            <source>venom/settings.xml</source>
            <destination>special://profile/addon_data/plugin.video.venom/</source>
        </config>
        </config>
            <source>youtube/settings.xml</source>
            <destination>special://profile/addon_data/plugin.video.youtube/</source>
        </config>
    </configs>




</installer>
